{
    "GameSetting": {
        "DropAlpha": 0.6000000238418579,
        "DropAreaScale": [
            116.0,
            50.0,
            0.009999999776482582
        ],
        "DropColor": [
            0.800000011920929,
            0.0,
            0.0
        ],
        "TutorialAlpha": 0.800000011920929,
        "TutorialColor": [
            0.0,
            1.0,
            0.25
        ],
        "fallingBorder": -5.0,
        "horizonBorder": 100.0,
        "transitionAnimationDelay": 60,
        "transitionAnimationLength": 30,
        "upperBorder": 100.0
    }
}
