{
    "Player": {
        "Test": 90.0,
        "Translation": [
            2.4000000953674316,
            1.2000000476837158,
            0.7689999938011169
        ],
        "gravity": [
            0.0,
            -0.054999999701976776,
            0.0
        ],
        "jump": [
            0.0,
            0.800000011920929,
            0.0
        ],
        "jumpCoolTime": 20,
        "jumpCouninueStrength": [
            0.0,
            1.409999966621399,
            0.0
        ],
        "jumpDampingX": 0.8999999761581421,
        "jumpReceptionLength": 10,
        "speed": 0.30000001192092896
    }
}
