{
    "PlayerModel": {
        "antena": [
            0.0,
            2.5,
            -2.799999952316284
        ],
        "antenaTarget": [
            0.0,
            5.360000133514404,
            0.0
        ],
        "back": [
            0.0,
            0.5,
            -3.0
        ],
        "body": [
            0.0,
            -0.800000011920929,
            0.0
        ],
        "bodyIdle": 0.05000000074505806,
        "bodyMove": 0.5,
        "charactorScale": [
            0.5,
            0.5,
            0.5
        ],
        "code": [
            0.0,
            0.0,
            0.0
        ],
        "fire": [
            0.0,
            -3.0,
            0.0
        ],
        "head": [
            0.0,
            3.5,
            0.0
        ],
        "left": [
            -1.0,
            1.399999976158142,
            0.0
        ],
        "legRotate": 0.20000000298023224,
        "right": [
            1.0,
            1.399999976158142,
            0.0
        ]
    }
}
