{
    "ResultSetting": {
        "Best10Scale": [
            5.0,
            5.0,
            1.0
        ],
        "Best10Translate": [
            4.5,
            0.0,
            0.0
        ],
        "Best1Scale": [
            5.0,
            5.0,
            1.0
        ],
        "Best1Translate": [
            8.699999809265137,
            0.0,
            0.0
        ],
        "BestCharScale": [
            19.200000762939453,
            10.0,
            1.0
        ],
        "BestCharTranslate": [
            -17.299999237060547,
            0.0,
            0.0
        ],
        "BestRotate": [
            0.0,
            1.0,
            0.0
        ],
        "BestTranslate": [
            0.0,
            6.099999904632568,
            13.199999809265137
        ],
        "BestWaveScale": [
            10.0,
            10.0,
            1.0
        ],
        "BestWaveTranslate": [
            -2.4000000953674316,
            0.0,
            0.0
        ],
        "ClaerRotate": [
            0.0,
            0.0,
            -18.600000381469727
        ],
        "ClearScale": [
            0.4000000059604645,
            0.4000000059604645,
            0.0
        ],
        "ClearTranslate": [
            849.0,
            174.0,
            0.0
        ],
        "TitlePosition": [
            640.0,
            577.7999877929688,
            0.0
        ],
        "TitleScale": [
            0.4000000059604645,
            0.4000000059604645,
            1.0
        ],
        "cameraRotate": [
            0.0,
            0.5,
            0.0
        ],
        "cameraTranslate": [
            -29.100000381469727,
            5.0,
            -15.0
        ],
        "newRRotate": [
            0.0,
            0.0,
            0.0
        ],
        "newRScale": [
            0.30000001192092896,
            0.20000000298023224,
            0.0
        ],
        "newRTranslate": [
            1067.800048828125,
            376.8999938964844,
            0.0
        ],
        "reach10Scale": [
            5.0,
            5.0,
            1.0
        ],
        "reach10Translate": [
            4.5,
            0.0,
            0.0
        ],
        "reach1Scale": [
            5.0,
            5.0,
            1.0
        ],
        "reach1Translate": [
            8.699999809265137,
            0.0,
            0.0
        ],
        "reachCharScale": [
            17.799999237060547,
            8.0,
            1.0
        ],
        "reachCharTranslate": [
            -14.300000190734863,
            0.0,
            0.0
        ],
        "reachRotate": [
            0.0,
            1.0,
            0.0
        ],
        "reachTranslate": [
            0.0,
            14.899999618530273,
            13.300000190734863
        ],
        "reachWaveScale": [
            10.0,
            10.0,
            1.0
        ],
        "reachWaveTranslate": [
            -2.4000000953674316,
            0.0,
            0.0
        ]
    }
}
