{
    "ResultPlayer": {
        "Rotate": [
            0.0,
            2.6500000953674316,
            0.0
        ],
        "Translate": [
            -27.799999237060547,
            3.4000000953674316,
            -0.6000000238418579
        ],
        "backRotate": [
            0.0,
            0.6000000238418579,
            0.0
        ],
        "backTranslate": [
            -25.899999618530273,
            3.200000047683716,
            -0.8999999761581421
        ]
    }
}
