{
    "Title": {
        "TitleScale": [
            0.5,
            0.5,
            0.5
        ],
        "TitleTransform": [
            640.0,
            140.0,
            0.0
        ],
        "linePosition": [
            0.0,
            30.0,
            0.0
        ],
        "lineScale": [
            107.19999694824219,
            1.0,
            1.0
        ],
        "startPosition": [
            0.0,
            27.399999618530273,
            0.0
        ],
        "startScale": [
            43.79999923706055,
            12.199999809265137,
            1.0
        ],
        "tutorialPosition": [
            45.0,
            15.399999618530273,
            -0.10000000149011612
        ],
        "tutorialScale": [
            18.299999237060547,
            5.400000095367432,
            1.0
        ]
    }
}
