{
    "UI": {
        "jumpPosition": [
            500.0,
            680.0,
            0.0
        ],
        "jumpScale": [
            0.20000000298023224,
            0.20000000298023224,
            0.0
        ],
        "lifePosition0": [
            100.0,
            70.0,
            0.0
        ],
        "lifePosition1": [
            200.0,
            70.0,
            0.0
        ],
        "lifePosition2": [
            300.0,
            70.0,
            0.0
        ],
        "lifeScale": [
            0.20000000298023224,
            0.20000000298023224,
            0.0
        ],
        "movePosition": [
            170.0,
            680.0,
            0.0
        ],
        "moveScale": [
            0.20000000298023224,
            0.20000000298023224,
            0.0
        ],
        "reversePosition": [
            850.0,
            680.0,
            0.0
        ],
        "reverseScale": [
            0.20000000298023224,
            0.20000000298023224,
            0.0
        ]
    }
}
